,unique_id,metric,AutoARIMA,Moirai,Prophet
0,all,mae,6724.1441270434225,7305.279061437536,7100.262780079966
1,all,rmse,10656.591633734823,12832.065826163407,11629.57764784476