,unique_id,metric,AutoARIMA,Chronos,AutoLGBM,Prophet
0,dataset2,mae,7543.108817997685,2825.6843268500434,25809.639529984084,14910.09343858184
1,dataset2,rmse,8606.241247758138,3746.4083518054904,35691.32680423934,22242.046144798842
